,mocap_npy,target,target_idx
0,mocap_pianist01_EXAG_1.npy,EXAG,211
1,mocap_pianist01_EXAG_16.npy,EXAG,211
2,mocap_pianist01_EXAG_16_chunk1.npy,16,67
3,mocap_pianist01_EXAG_16_chunk2.npy,16,67
4,mocap_pianist01_EXAG_16_chunk3.npy,16,67
5,mocap_pianist01_EXAG_17.npy,EXAG,211
6,mocap_pianist01_EXAG_17_chunk1.npy,17,78
7,mocap_pianist01_EXAG_17_chunk2.npy,17,78
8,mocap_pianist01_EXAG_17_chunk3.npy,17,78
9,mocap_pianist01_EXAG_18.npy,EXAG,211
10,mocap_pianist01_EXAG_18_chunk1.npy,18,89
11,mocap_pianist01_EXAG_18_chunk2.npy,18,89
12,mocap_pianist01_EXAG_18_chunk3.npy,18,89
13,mocap_pianist01_EXAG_19.npy,EXAG,211
14,mocap_pianist01_EXAG_19_chunk1.npy,19,100
15,mocap_pianist01_EXAG_19_chunk2.npy,19,100
16,mocap_pianist01_EXAG_19_chunk3.npy,19,100
17,mocap_pianist01_EXAG_1_chunk1.npy,1,0
18,mocap_pianist01_EXAG_1_chunk2.npy,1,0
19,mocap_pianist01_EXAG_2.npy,EXAG,211
20,mocap_pianist01_EXAG_2_chunk1.npy,2,111
21,mocap_pianist01_EXAG_2_chunk2.npy,2,111
22,mocap_pianist01_EXAG_3.npy,EXAG,211
23,mocap_pianist01_EXAG_32.npy,EXAG,211
24,mocap_pianist01_EXAG_32_chunk1.npy,32,137
25,mocap_pianist01_EXAG_32_chunk2.npy,32,137
26,mocap_pianist01_EXAG_32_chunk3.npy,32,137
27,mocap_pianist01_EXAG_32_chunk4.npy,32,137
28,mocap_pianist01_EXAG_32_chunk5.npy,32,137
29,mocap_pianist01_EXAG_33.npy,EXAG,211
30,mocap_pianist01_EXAG_33_chunk1.npy,33,138
31,mocap_pianist01_EXAG_33_chunk2.npy,33,138
32,mocap_pianist01_EXAG_33_chunk3.npy,33,138
33,mocap_pianist01_EXAG_33_chunk4.npy,33,138
34,mocap_pianist01_EXAG_33_chunk5.npy,33,138
35,mocap_pianist01_EXAG_34.npy,EXAG,211
36,mocap_pianist01_EXAG_34_chunk1.npy,34,139
37,mocap_pianist01_EXAG_34_chunk2.npy,34,139
38,mocap_pianist01_EXAG_34_chunk3.npy,34,139
39,mocap_pianist01_EXAG_34_chunk4.npy,34,139
40,mocap_pianist01_EXAG_34_chunk5.npy,34,139
41,mocap_pianist01_EXAG_35.npy,EXAG,211
42,mocap_pianist01_EXAG_35_chunk1.npy,35,140
43,mocap_pianist01_EXAG_35_chunk2.npy,35,140
44,mocap_pianist01_EXAG_35_chunk3.npy,35,140
45,mocap_pianist01_EXAG_35_chunk4.npy,35,140
46,mocap_pianist01_EXAG_35_chunk5.npy,35,140
47,mocap_pianist01_EXAG_3_chunk1.npy,3,134
48,mocap_pianist01_EXAG_48.npy,EXAG,211
49,mocap_pianist01_EXAG_48_chunk1.npy,48,154
50,mocap_pianist01_EXAG_48_chunk2.npy,48,154
51,mocap_pianist01_EXAG_48_chunk3.npy,48,154
52,mocap_pianist01_EXAG_49.npy,EXAG,211
53,mocap_pianist01_EXAG_49_chunk1.npy,49,155
54,mocap_pianist01_EXAG_49_chunk2.npy,49,155
55,mocap_pianist01_EXAG_49_chunk3.npy,49,155
56,mocap_pianist01_EXAG_50.npy,EXAG,211
57,mocap_pianist01_EXAG_50_chunk1.npy,50,157
58,mocap_pianist01_EXAG_50_chunk2.npy,50,157
59,mocap_pianist01_EXAG_50_chunk3.npy,50,157
60,mocap_pianist01_EXAG_64.npy,EXAG,211
61,mocap_pianist01_EXAG_64_chunk1.npy,64,172
62,mocap_pianist01_EXAG_64_chunk2.npy,64,172
63,mocap_pianist01_EXAG_64_chunk3.npy,64,172
64,mocap_pianist01_EXAG_64_chunk4.npy,64,172
65,mocap_pianist01_EXAG_65.npy,EXAG,211
66,mocap_pianist01_EXAG_65_chunk1.npy,65,173
67,mocap_pianist01_EXAG_65_chunk2.npy,65,173
68,mocap_pianist01_EXAG_65_chunk3.npy,65,173
69,mocap_pianist01_EXAG_65_chunk4.npy,65,173
70,mocap_pianist01_EXAG_66.npy,EXAG,211
71,mocap_pianist01_EXAG_66_chunk1.npy,66,174
72,mocap_pianist01_EXAG_66_chunk2.npy,66,174
73,mocap_pianist01_EXAG_66_chunk3.npy,66,174
74,mocap_pianist01_EXAG_66_chunk4.npy,66,174
75,mocap_pianist01_EXAG_76.npy,EXAG,211
76,mocap_pianist01_EXAG_76_chunk1.npy,76,185
77,mocap_pianist01_EXAG_76_chunk2.npy,76,185
78,mocap_pianist01_EXAG_76_chunk3.npy,76,185
79,mocap_pianist01_EXAG_76_chunk4.npy,76,185
80,mocap_pianist01_EXAG_77.npy,EXAG,211
81,mocap_pianist01_EXAG_77_chunk1.npy,77,186
82,mocap_pianist01_EXAG_77_chunk2.npy,77,186
83,mocap_pianist01_EXAG_77_chunk3.npy,77,186
84,mocap_pianist01_EXAG_77_chunk4.npy,77,186
85,mocap_pianist01_EXAG_78.npy,EXAG,211
86,mocap_pianist01_EXAG_78_chunk1.npy,78,187
87,mocap_pianist01_EXAG_78_chunk2.npy,78,187
88,mocap_pianist01_EXAG_78_chunk3.npy,78,187
89,mocap_pianist01_EXAG_78_chunk4.npy,78,187
90,mocap_pianist01_EXAG_91.npy,EXAG,211
91,mocap_pianist01_EXAG_91_chunk1.npy,91,202
92,mocap_pianist01_EXAG_91_chunk2.npy,91,202
93,mocap_pianist01_EXAG_91_chunk3.npy,91,202
94,mocap_pianist01_EXAG_91_chunk4.npy,91,202
95,mocap_pianist01_EXAG_91_chunk5.npy,91,202
96,mocap_pianist01_EXAG_92.npy,EXAG,211
97,mocap_pianist01_EXAG_92_chunk1.npy,92,203
98,mocap_pianist01_EXAG_92_chunk2.npy,92,203
99,mocap_pianist01_EXAG_92_chunk3.npy,92,203
100,mocap_pianist01_EXAG_92_chunk4.npy,92,203
101,mocap_pianist01_EXAG_92_chunk5.npy,92,203
102,mocap_pianist01_EXAG_93.npy,EXAG,211
103,mocap_pianist01_EXAG_93_chunk1.npy,93,204
104,mocap_pianist01_EXAG_93_chunk2.npy,93,204
105,mocap_pianist01_EXAG_93_chunk3.npy,93,204
106,mocap_pianist01_EXAG_93_chunk4.npy,93,204
107,mocap_pianist01_EXAG_93_chunk5.npy,93,204
108,mocap_pianist01_LEG_20.npy,LEG,212
109,mocap_pianist01_LEG_20_chunk1.npy,20,112
110,mocap_pianist01_LEG_20_chunk2.npy,20,112
111,mocap_pianist01_LEG_20_chunk3.npy,20,112
112,mocap_pianist01_LEG_21.npy,LEG,212
113,mocap_pianist01_LEG_21_chunk1.npy,21,123
114,mocap_pianist01_LEG_21_chunk2.npy,21,123
115,mocap_pianist01_LEG_21_chunk3.npy,21,123
116,mocap_pianist01_LEG_22.npy,LEG,212
117,mocap_pianist01_LEG_22_chunk1.npy,22,126
118,mocap_pianist01_LEG_22_chunk2.npy,22,126
119,mocap_pianist01_LEG_22_chunk3.npy,22,126
120,mocap_pianist01_LEG_36.npy,LEG,212
121,mocap_pianist01_LEG_36_chunk1.npy,36,141
122,mocap_pianist01_LEG_36_chunk2.npy,36,141
123,mocap_pianist01_LEG_36_chunk3.npy,36,141
124,mocap_pianist01_LEG_36_chunk4.npy,36,141
125,mocap_pianist01_LEG_36_chunk5.npy,36,141
126,mocap_pianist01_LEG_36_chunk6.npy,36,141
127,mocap_pianist01_LEG_37.npy,LEG,212
128,mocap_pianist01_LEG_37_chunk1.npy,37,142
129,mocap_pianist01_LEG_37_chunk2.npy,37,142
130,mocap_pianist01_LEG_37_chunk3.npy,37,142
131,mocap_pianist01_LEG_37_chunk4.npy,37,142
132,mocap_pianist01_LEG_37_chunk5.npy,37,142
133,mocap_pianist01_LEG_38.npy,LEG,212
134,mocap_pianist01_LEG_38_chunk1.npy,38,143
135,mocap_pianist01_LEG_38_chunk2.npy,38,143
136,mocap_pianist01_LEG_38_chunk3.npy,38,143
137,mocap_pianist01_LEG_38_chunk4.npy,38,143
138,mocap_pianist01_LEG_38_chunk5.npy,38,143
139,mocap_pianist01_LEG_4.npy,LEG,212
140,mocap_pianist01_LEG_4_chunk1.npy,4,145
141,mocap_pianist01_LEG_4_chunk2.npy,4,145
142,mocap_pianist01_LEG_5.npy,LEG,212
143,mocap_pianist01_LEG_51.npy,LEG,212
144,mocap_pianist01_LEG_51_chunk1.npy,51,158
145,mocap_pianist01_LEG_51_chunk2.npy,51,158
146,mocap_pianist01_LEG_52.npy,LEG,212
147,mocap_pianist01_LEG_52_chunk1.npy,52,159
148,mocap_pianist01_LEG_52_chunk2.npy,52,159
149,mocap_pianist01_LEG_53.npy,LEG,212
150,mocap_pianist01_LEG_53_chunk1.npy,53,160
151,mocap_pianist01_LEG_53_chunk2.npy,53,160
152,mocap_pianist01_LEG_5_chunk1.npy,5,156
153,mocap_pianist01_LEG_6.npy,LEG,212
154,mocap_pianist01_LEG_67.npy,LEG,212
155,mocap_pianist01_LEG_67_chunk1.npy,67,175
156,mocap_pianist01_LEG_67_chunk2.npy,67,175
157,mocap_pianist01_LEG_67_chunk3.npy,67,175
158,mocap_pianist01_LEG_68.npy,LEG,212
159,mocap_pianist01_LEG_68_chunk1.npy,68,176
160,mocap_pianist01_LEG_68_chunk2.npy,68,176
161,mocap_pianist01_LEG_68_chunk3.npy,68,176
162,mocap_pianist01_LEG_68_chunk4.npy,68,176
163,mocap_pianist01_LEG_69.npy,LEG,212
164,mocap_pianist01_LEG_69_chunk1.npy,69,177
165,mocap_pianist01_LEG_69_chunk2.npy,69,177
166,mocap_pianist01_LEG_69_chunk3.npy,69,177
167,mocap_pianist01_LEG_69_chunk4.npy,69,177
168,mocap_pianist01_LEG_6_chunk1.npy,6,167
169,mocap_pianist01_LEG_79.npy,LEG,212
170,mocap_pianist01_LEG_79_chunk1.npy,79,188
171,mocap_pianist01_LEG_79_chunk2.npy,79,188
172,mocap_pianist01_LEG_79_chunk3.npy,79,188
173,mocap_pianist01_LEG_80.npy,LEG,212
174,mocap_pianist01_LEG_80_chunk1.npy,80,190
175,mocap_pianist01_LEG_80_chunk2.npy,80,190
176,mocap_pianist01_LEG_80_chunk3.npy,80,190
177,mocap_pianist01_LEG_81.npy,LEG,212
178,mocap_pianist01_LEG_81_chunk1.npy,81,191
179,mocap_pianist01_LEG_81_chunk2.npy,81,191
180,mocap_pianist01_LEG_81_chunk3.npy,81,191
181,mocap_pianist01_LEG_94.npy,LEG,212
182,mocap_pianist01_LEG_94_chunk1.npy,94,205
183,mocap_pianist01_LEG_94_chunk2.npy,94,205
184,mocap_pianist01_LEG_94_chunk3.npy,94,205
185,mocap_pianist01_LEG_94_chunk4.npy,94,205
186,mocap_pianist01_LEG_94_chunk5.npy,94,205
187,mocap_pianist01_LEG_95.npy,LEG,212
188,mocap_pianist01_LEG_95_chunk1.npy,95,206
189,mocap_pianist01_LEG_95_chunk2.npy,95,206
190,mocap_pianist01_LEG_95_chunk3.npy,95,206
191,mocap_pianist01_LEG_95_chunk4.npy,95,206
192,mocap_pianist01_LEG_95_chunk5.npy,95,206
193,mocap_pianist01_LEG_96.npy,LEG,212
194,mocap_pianist01_LEG_96_chunk1.npy,96,207
195,mocap_pianist01_LEG_96_chunk2.npy,96,207
196,mocap_pianist01_LEG_96_chunk3.npy,96,207
197,mocap_pianist01_LEG_96_chunk4.npy,96,207
198,mocap_pianist01_NORMAL_100.npy,NORMAL,213
199,mocap_pianist01_NORMAL_100_chunk1.npy,100,2
200,mocap_pianist01_NORMAL_100_chunk2.npy,100,2
201,mocap_pianist01_NORMAL_100_chunk3.npy,100,2
202,mocap_pianist01_NORMAL_100_chunk4.npy,100,2
203,mocap_pianist01_NORMAL_100_chunk5.npy,100,2
204,mocap_pianist01_NORMAL_23.npy,NORMAL,213
205,mocap_pianist01_NORMAL_23_chunk1.npy,23,127
206,mocap_pianist01_NORMAL_23_chunk2.npy,23,127
207,mocap_pianist01_NORMAL_23_chunk3.npy,23,127
208,mocap_pianist01_NORMAL_24.npy,NORMAL,213
209,mocap_pianist01_NORMAL_24_chunk1.npy,24,128
210,mocap_pianist01_NORMAL_24_chunk2.npy,24,128
211,mocap_pianist01_NORMAL_24_chunk3.npy,24,128
212,mocap_pianist01_NORMAL_25.npy,NORMAL,213
213,mocap_pianist01_NORMAL_25_chunk1.npy,25,129
214,mocap_pianist01_NORMAL_25_chunk2.npy,25,129
215,mocap_pianist01_NORMAL_25_chunk3.npy,25,129
216,mocap_pianist01_NORMAL_39.npy,NORMAL,213
217,mocap_pianist01_NORMAL_39_chunk1.npy,39,144
218,mocap_pianist01_NORMAL_39_chunk2.npy,39,144
219,mocap_pianist01_NORMAL_39_chunk3.npy,39,144
220,mocap_pianist01_NORMAL_39_chunk4.npy,39,144
221,mocap_pianist01_NORMAL_39_chunk5.npy,39,144
222,mocap_pianist01_NORMAL_39_chunk6.npy,39,144
223,mocap_pianist01_NORMAL_40.npy,NORMAL,213
224,mocap_pianist01_NORMAL_40_chunk1.npy,40,146
225,mocap_pianist01_NORMAL_40_chunk2.npy,40,146
226,mocap_pianist01_NORMAL_40_chunk3.npy,40,146
227,mocap_pianist01_NORMAL_40_chunk4.npy,40,146
228,mocap_pianist01_NORMAL_40_chunk5.npy,40,146
229,mocap_pianist01_NORMAL_41.npy,NORMAL,213
230,mocap_pianist01_NORMAL_41_chunk1.npy,41,147
231,mocap_pianist01_NORMAL_41_chunk2.npy,41,147
232,mocap_pianist01_NORMAL_41_chunk3.npy,41,147
233,mocap_pianist01_NORMAL_41_chunk4.npy,41,147
234,mocap_pianist01_NORMAL_41_chunk5.npy,41,147
235,mocap_pianist01_NORMAL_54.npy,NORMAL,213
236,mocap_pianist01_NORMAL_54_chunk1.npy,54,161
237,mocap_pianist01_NORMAL_54_chunk2.npy,54,161
238,mocap_pianist01_NORMAL_55.npy,NORMAL,213
239,mocap_pianist01_NORMAL_55_chunk1.npy,55,162
240,mocap_pianist01_NORMAL_55_chunk2.npy,55,162
241,mocap_pianist01_NORMAL_56.npy,NORMAL,213
242,mocap_pianist01_NORMAL_56_chunk1.npy,56,163
243,mocap_pianist01_NORMAL_56_chunk2.npy,56,163
244,mocap_pianist01_NORMAL_57.npy,NORMAL,213
245,mocap_pianist01_NORMAL_57_chunk1.npy,57,164
246,mocap_pianist01_NORMAL_57_chunk2.npy,57,164
247,mocap_pianist01_NORMAL_57_chunk3.npy,57,164
248,mocap_pianist01_NORMAL_7.npy,NORMAL,213
249,mocap_pianist01_NORMAL_70.npy,NORMAL,213
250,mocap_pianist01_NORMAL_70_chunk1.npy,70,179
251,mocap_pianist01_NORMAL_70_chunk2.npy,70,179
252,mocap_pianist01_NORMAL_70_chunk3.npy,70,179
253,mocap_pianist01_NORMAL_70_chunk4.npy,70,179
254,mocap_pianist01_NORMAL_71.npy,NORMAL,213
255,mocap_pianist01_NORMAL_71_chunk1.npy,71,180
256,mocap_pianist01_NORMAL_71_chunk2.npy,71,180
257,mocap_pianist01_NORMAL_71_chunk3.npy,71,180
258,mocap_pianist01_NORMAL_71_chunk4.npy,71,180
259,mocap_pianist01_NORMAL_72.npy,NORMAL,213
260,mocap_pianist01_NORMAL_72_chunk1.npy,72,181
261,mocap_pianist01_NORMAL_72_chunk2.npy,72,181
262,mocap_pianist01_NORMAL_72_chunk3.npy,72,181
263,mocap_pianist01_NORMAL_72_chunk4.npy,72,181
264,mocap_pianist01_NORMAL_7_chunk1.npy,7,178
265,mocap_pianist01_NORMAL_8.npy,NORMAL,213
266,mocap_pianist01_NORMAL_82.npy,NORMAL,213
267,mocap_pianist01_NORMAL_82_chunk1.npy,82,192
268,mocap_pianist01_NORMAL_82_chunk2.npy,82,192
269,mocap_pianist01_NORMAL_82_chunk3.npy,82,192
270,mocap_pianist01_NORMAL_82_chunk4.npy,82,192
271,mocap_pianist01_NORMAL_83.npy,NORMAL,213
272,mocap_pianist01_NORMAL_83_chunk1.npy,83,193
273,mocap_pianist01_NORMAL_83_chunk2.npy,83,193
274,mocap_pianist01_NORMAL_83_chunk3.npy,83,193
275,mocap_pianist01_NORMAL_83_chunk4.npy,83,193
276,mocap_pianist01_NORMAL_84.npy,NORMAL,213
277,mocap_pianist01_NORMAL_84_chunk1.npy,84,194
278,mocap_pianist01_NORMAL_84_chunk2.npy,84,194
279,mocap_pianist01_NORMAL_84_chunk3.npy,84,194
280,mocap_pianist01_NORMAL_84_chunk4.npy,84,194
281,mocap_pianist01_NORMAL_8_chunk1.npy,8,189
282,mocap_pianist01_NORMAL_9.npy,NORMAL,213
283,mocap_pianist01_NORMAL_97.npy,NORMAL,213
284,mocap_pianist01_NORMAL_97_chunk1.npy,97,208
285,mocap_pianist01_NORMAL_97_chunk2.npy,97,208
286,mocap_pianist01_NORMAL_97_chunk3.npy,97,208
287,mocap_pianist01_NORMAL_97_chunk4.npy,97,208
288,mocap_pianist01_NORMAL_97_chunk5.npy,97,208
289,mocap_pianist01_NORMAL_98.npy,NORMAL,213
290,mocap_pianist01_NORMAL_98_chunk1.npy,98,209
291,mocap_pianist01_NORMAL_98_chunk2.npy,98,209
292,mocap_pianist01_NORMAL_98_chunk3.npy,98,209
293,mocap_pianist01_NORMAL_98_chunk4.npy,98,209
294,mocap_pianist01_NORMAL_98_chunk5.npy,98,209
295,mocap_pianist01_NORMAL_99.npy,NORMAL,213
296,mocap_pianist01_NORMAL_99_chunk1.npy,99,210
297,mocap_pianist01_NORMAL_99_chunk2.npy,99,210
298,mocap_pianist01_NORMAL_99_chunk3.npy,99,210
299,mocap_pianist01_NORMAL_99_chunk4.npy,99,210
300,mocap_pianist01_NORMAL_99_chunk5.npy,99,210
301,mocap_pianist01_NORMAL_9_chunk1.npy,9,200
302,mocap_pianist01_STAC_10.npy,STAC,214
303,mocap_pianist01_STAC_101.npy,STAC,214
304,mocap_pianist01_STAC_101_chunk1.npy,101,3
305,mocap_pianist01_STAC_101_chunk2.npy,101,3
306,mocap_pianist01_STAC_101_chunk3.npy,101,3
307,mocap_pianist01_STAC_102.npy,STAC,214
308,mocap_pianist01_STAC_102_chunk1.npy,102,4
309,mocap_pianist01_STAC_102_chunk2.npy,102,4
310,mocap_pianist01_STAC_102_chunk3.npy,102,4
311,mocap_pianist01_STAC_102_chunk4.npy,102,4
312,mocap_pianist01_STAC_103.npy,STAC,214
313,mocap_pianist01_STAC_103_chunk1.npy,103,5
314,mocap_pianist01_STAC_103_chunk2.npy,103,5
315,mocap_pianist01_STAC_103_chunk3.npy,103,5
316,mocap_pianist01_STAC_103_chunk4.npy,103,5
317,mocap_pianist01_STAC_10_chunk1.npy,10,1
318,mocap_pianist01_STAC_11.npy,STAC,214
319,mocap_pianist01_STAC_11_chunk1.npy,11,12
320,mocap_pianist01_STAC_12.npy,STAC,214
321,mocap_pianist01_STAC_12_chunk1.npy,12,23
322,mocap_pianist01_STAC_26.npy,STAC,214
323,mocap_pianist01_STAC_26_chunk1.npy,26,130
324,mocap_pianist01_STAC_26_chunk2.npy,26,130
325,mocap_pianist01_STAC_26_chunk3.npy,26,130
326,mocap_pianist01_STAC_27.npy,STAC,214
327,mocap_pianist01_STAC_27_chunk1.npy,27,131
328,mocap_pianist01_STAC_27_chunk2.npy,27,131
329,mocap_pianist01_STAC_27_chunk3.npy,27,131
330,mocap_pianist01_STAC_28.npy,STAC,214
331,mocap_pianist01_STAC_28_chunk1.npy,28,132
332,mocap_pianist01_STAC_28_chunk2.npy,28,132
333,mocap_pianist01_STAC_28_chunk3.npy,28,132
334,mocap_pianist01_STAC_42.npy,STAC,214
335,mocap_pianist01_STAC_42_chunk1.npy,42,148
336,mocap_pianist01_STAC_42_chunk2.npy,42,148
337,mocap_pianist01_STAC_42_chunk3.npy,42,148
338,mocap_pianist01_STAC_42_chunk4.npy,42,148
339,mocap_pianist01_STAC_42_chunk5.npy,42,148
340,mocap_pianist01_STAC_43.npy,STAC,214
341,mocap_pianist01_STAC_43_chunk1.npy,43,149
342,mocap_pianist01_STAC_43_chunk2.npy,43,149
343,mocap_pianist01_STAC_43_chunk3.npy,43,149
344,mocap_pianist01_STAC_43_chunk4.npy,43,149
345,mocap_pianist01_STAC_43_chunk5.npy,43,149
346,mocap_pianist01_STAC_44.npy,STAC,214
347,mocap_pianist01_STAC_44_chunk1.npy,44,150
348,mocap_pianist01_STAC_44_chunk2.npy,44,150
349,mocap_pianist01_STAC_44_chunk3.npy,44,150
350,mocap_pianist01_STAC_44_chunk4.npy,44,150
351,mocap_pianist01_STAC_44_chunk5.npy,44,150
352,mocap_pianist01_STAC_58.npy,STAC,214
353,mocap_pianist01_STAC_58_chunk1.npy,58,165
354,mocap_pianist01_STAC_58_chunk2.npy,58,165
355,mocap_pianist01_STAC_59.npy,STAC,214
356,mocap_pianist01_STAC_59_chunk1.npy,59,166
357,mocap_pianist01_STAC_59_chunk2.npy,59,166
358,mocap_pianist01_STAC_60.npy,STAC,214
359,mocap_pianist01_STAC_60_chunk1.npy,60,168
360,mocap_pianist01_STAC_60_chunk2.npy,60,168
361,mocap_pianist01_STAC_85.npy,STAC,214
362,mocap_pianist01_STAC_85_chunk1.npy,85,195
363,mocap_pianist01_STAC_85_chunk2.npy,85,195
364,mocap_pianist01_STAC_86.npy,STAC,214
365,mocap_pianist01_STAC_86_chunk1.npy,86,196
366,mocap_pianist01_STAC_86_chunk2.npy,86,196
367,mocap_pianist01_STAC_87.npy,STAC,214
368,mocap_pianist01_STAC_87_chunk1.npy,87,197
369,mocap_pianist01_STAC_87_chunk2.npy,87,197
370,mocap_pianist01_STILL_104.npy,STILL,215
371,mocap_pianist01_STILL_104_chunk1.npy,104,6
372,mocap_pianist01_STILL_104_chunk2.npy,104,6
373,mocap_pianist01_STILL_104_chunk3.npy,104,6
374,mocap_pianist01_STILL_104_chunk4.npy,104,6
375,mocap_pianist01_STILL_104_chunk5.npy,104,6
376,mocap_pianist01_STILL_105.npy,STILL,215
377,mocap_pianist01_STILL_105_chunk1.npy,105,7
378,mocap_pianist01_STILL_105_chunk2.npy,105,7
379,mocap_pianist01_STILL_105_chunk3.npy,105,7
380,mocap_pianist01_STILL_105_chunk4.npy,105,7
381,mocap_pianist01_STILL_105_chunk5.npy,105,7
382,mocap_pianist01_STILL_106.npy,STILL,215
383,mocap_pianist01_STILL_106_chunk1.npy,106,8
384,mocap_pianist01_STILL_106_chunk2.npy,106,8
385,mocap_pianist01_STILL_106_chunk3.npy,106,8
386,mocap_pianist01_STILL_106_chunk4.npy,106,8
387,mocap_pianist01_STILL_106_chunk5.npy,106,8
388,mocap_pianist01_STILL_13.npy,STILL,215
389,mocap_pianist01_STILL_13_chunk1.npy,13,34
390,mocap_pianist01_STILL_14.npy,STILL,215
391,mocap_pianist01_STILL_14_chunk1.npy,14,45
392,mocap_pianist01_STILL_15.npy,STILL,215
393,mocap_pianist01_STILL_15_chunk1.npy,15,56
394,mocap_pianist01_STILL_29.npy,STILL,215
395,mocap_pianist01_STILL_29_chunk1.npy,29,133
396,mocap_pianist01_STILL_29_chunk2.npy,29,133
397,mocap_pianist01_STILL_29_chunk3.npy,29,133
398,mocap_pianist01_STILL_30.npy,STILL,215
399,mocap_pianist01_STILL_30_chunk1.npy,30,135
400,mocap_pianist01_STILL_30_chunk2.npy,30,135
401,mocap_pianist01_STILL_30_chunk3.npy,30,135
402,mocap_pianist01_STILL_31.npy,STILL,215
403,mocap_pianist01_STILL_31_chunk1.npy,31,136
404,mocap_pianist01_STILL_31_chunk2.npy,31,136
405,mocap_pianist01_STILL_31_chunk3.npy,31,136
406,mocap_pianist01_STILL_45.npy,STILL,215
407,mocap_pianist01_STILL_45_chunk1.npy,45,151
408,mocap_pianist01_STILL_45_chunk2.npy,45,151
409,mocap_pianist01_STILL_45_chunk3.npy,45,151
410,mocap_pianist01_STILL_45_chunk4.npy,45,151
411,mocap_pianist01_STILL_45_chunk5.npy,45,151
412,mocap_pianist01_STILL_46.npy,STILL,215
413,mocap_pianist01_STILL_46_chunk1.npy,46,152
414,mocap_pianist01_STILL_46_chunk2.npy,46,152
415,mocap_pianist01_STILL_46_chunk3.npy,46,152
416,mocap_pianist01_STILL_46_chunk4.npy,46,152
417,mocap_pianist01_STILL_46_chunk5.npy,46,152
418,mocap_pianist01_STILL_47.npy,STILL,215
419,mocap_pianist01_STILL_47_chunk1.npy,47,153
420,mocap_pianist01_STILL_47_chunk2.npy,47,153
421,mocap_pianist01_STILL_47_chunk3.npy,47,153
422,mocap_pianist01_STILL_47_chunk4.npy,47,153
423,mocap_pianist01_STILL_47_chunk5.npy,47,153
424,mocap_pianist01_STILL_61.npy,STILL,215
425,mocap_pianist01_STILL_61_chunk1.npy,61,169
426,mocap_pianist01_STILL_61_chunk2.npy,61,169
427,mocap_pianist01_STILL_62.npy,STILL,215
428,mocap_pianist01_STILL_62_chunk1.npy,62,170
429,mocap_pianist01_STILL_62_chunk2.npy,62,170
430,mocap_pianist01_STILL_62_chunk3.npy,62,170
431,mocap_pianist01_STILL_63.npy,STILL,215
432,mocap_pianist01_STILL_63_chunk1.npy,63,171
433,mocap_pianist01_STILL_63_chunk2.npy,63,171
434,mocap_pianist01_STILL_63_chunk3.npy,63,171
435,mocap_pianist01_STILL_73.npy,STILL,215
436,mocap_pianist01_STILL_73_chunk1.npy,73,182
437,mocap_pianist01_STILL_73_chunk2.npy,73,182
438,mocap_pianist01_STILL_73_chunk3.npy,73,182
439,mocap_pianist01_STILL_73_chunk4.npy,73,182
440,mocap_pianist01_STILL_74.npy,STILL,215
441,mocap_pianist01_STILL_74_chunk1.npy,74,183
442,mocap_pianist01_STILL_74_chunk2.npy,74,183
443,mocap_pianist01_STILL_74_chunk3.npy,74,183
444,mocap_pianist01_STILL_74_chunk4.npy,74,183
445,mocap_pianist01_STILL_75.npy,STILL,215
446,mocap_pianist01_STILL_75_chunk1.npy,75,184
447,mocap_pianist01_STILL_75_chunk2.npy,75,184
448,mocap_pianist01_STILL_75_chunk3.npy,75,184
449,mocap_pianist01_STILL_75_chunk4.npy,75,184
450,mocap_pianist01_STILL_75_chunk5.npy,75,184
451,mocap_pianist01_STILL_88.npy,STILL,215
452,mocap_pianist01_STILL_88_chunk1.npy,88,198
453,mocap_pianist01_STILL_88_chunk2.npy,88,198
454,mocap_pianist01_STILL_88_chunk3.npy,88,198
455,mocap_pianist01_STILL_88_chunk4.npy,88,198
456,mocap_pianist01_STILL_89.npy,STILL,215
457,mocap_pianist01_STILL_89_chunk1.npy,89,199
458,mocap_pianist01_STILL_89_chunk2.npy,89,199
459,mocap_pianist01_STILL_89_chunk3.npy,89,199
460,mocap_pianist01_STILL_89_chunk4.npy,89,199
461,mocap_pianist01_STILL_90.npy,STILL,215
462,mocap_pianist01_STILL_90_chunk1.npy,90,201
463,mocap_pianist01_STILL_90_chunk2.npy,90,201
464,mocap_pianist01_STILL_90_chunk3.npy,90,201
465,mocap_pianist01_STILL_90_chunk4.npy,90,201
466,mocap_pianist02_EXAG_107.npy,EXAG,211
467,mocap_pianist02_EXAG_107_chunk1.npy,107,9
468,mocap_pianist02_EXAG_108.npy,EXAG,211
469,mocap_pianist02_EXAG_108_chunk1.npy,108,10
470,mocap_pianist02_EXAG_109.npy,EXAG,211
471,mocap_pianist02_EXAG_109_chunk1.npy,109,11
472,mocap_pianist02_EXAG_122.npy,EXAG,211
473,mocap_pianist02_EXAG_122_chunk1.npy,122,26
474,mocap_pianist02_EXAG_122_chunk2.npy,122,26
475,mocap_pianist02_EXAG_122_chunk3.npy,122,26
476,mocap_pianist02_EXAG_123.npy,EXAG,211
477,mocap_pianist02_EXAG_123_chunk1.npy,123,27
478,mocap_pianist02_EXAG_123_chunk2.npy,123,27
479,mocap_pianist02_EXAG_123_chunk3.npy,123,27
480,mocap_pianist02_EXAG_124.npy,EXAG,211
481,mocap_pianist02_EXAG_124_chunk1.npy,124,28
482,mocap_pianist02_EXAG_124_chunk2.npy,124,28
483,mocap_pianist02_EXAG_124_chunk3.npy,124,28
484,mocap_pianist02_EXAG_137.npy,EXAG,211
485,mocap_pianist02_EXAG_137_chunk1.npy,137,42
486,mocap_pianist02_EXAG_137_chunk2.npy,137,42
487,mocap_pianist02_EXAG_137_chunk3.npy,137,42
488,mocap_pianist02_EXAG_137_chunk4.npy,137,42
489,mocap_pianist02_EXAG_137_chunk5.npy,137,42
490,mocap_pianist02_EXAG_138.npy,EXAG,211
491,mocap_pianist02_EXAG_138_chunk1.npy,138,43
492,mocap_pianist02_EXAG_138_chunk2.npy,138,43
493,mocap_pianist02_EXAG_138_chunk3.npy,138,43
494,mocap_pianist02_EXAG_138_chunk4.npy,138,43
495,mocap_pianist02_EXAG_138_chunk5.npy,138,43
496,mocap_pianist02_EXAG_139.npy,EXAG,211
497,mocap_pianist02_EXAG_139_chunk1.npy,139,44
498,mocap_pianist02_EXAG_139_chunk2.npy,139,44
499,mocap_pianist02_EXAG_139_chunk3.npy,139,44
500,mocap_pianist02_EXAG_139_chunk4.npy,139,44
501,mocap_pianist02_EXAG_139_chunk5.npy,139,44
502,mocap_pianist02_EXAG_152.npy,EXAG,211
503,mocap_pianist02_EXAG_152_chunk1.npy,152,59
504,mocap_pianist02_EXAG_152_chunk2.npy,152,59
505,mocap_pianist02_EXAG_153.npy,EXAG,211
506,mocap_pianist02_EXAG_153_chunk1.npy,153,60
507,mocap_pianist02_EXAG_153_chunk2.npy,153,60
508,mocap_pianist02_EXAG_154.npy,EXAG,211
509,mocap_pianist02_EXAG_154_chunk1.npy,154,61
510,mocap_pianist02_EXAG_154_chunk2.npy,154,61
511,mocap_pianist02_EXAG_167.npy,EXAG,211
512,mocap_pianist02_EXAG_167_chunk1.npy,167,75
513,mocap_pianist02_EXAG_167_chunk2.npy,167,75
514,mocap_pianist02_EXAG_167_chunk3.npy,167,75
515,mocap_pianist02_EXAG_167_chunk4.npy,167,75
516,mocap_pianist02_EXAG_168.npy,EXAG,211
517,mocap_pianist02_EXAG_168_chunk1.npy,168,76
518,mocap_pianist02_EXAG_168_chunk2.npy,168,76
519,mocap_pianist02_EXAG_168_chunk3.npy,168,76
520,mocap_pianist02_EXAG_169.npy,EXAG,211
521,mocap_pianist02_EXAG_169_chunk1.npy,169,77
522,mocap_pianist02_EXAG_169_chunk2.npy,169,77
523,mocap_pianist02_EXAG_169_chunk3.npy,169,77
524,mocap_pianist02_EXAG_169_chunk4.npy,169,77
525,mocap_pianist02_EXAG_182.npy,EXAG,211
526,mocap_pianist02_EXAG_182_chunk1.npy,182,92
527,mocap_pianist02_EXAG_182_chunk2.npy,182,92
528,mocap_pianist02_EXAG_182_chunk3.npy,182,92
529,mocap_pianist02_EXAG_183.npy,EXAG,211
530,mocap_pianist02_EXAG_183_chunk1.npy,183,93
531,mocap_pianist02_EXAG_183_chunk2.npy,183,93
532,mocap_pianist02_EXAG_183_chunk3.npy,183,93
533,mocap_pianist02_EXAG_184.npy,EXAG,211
534,mocap_pianist02_EXAG_184_chunk1.npy,184,94
535,mocap_pianist02_EXAG_184_chunk2.npy,184,94
536,mocap_pianist02_EXAG_184_chunk3.npy,184,94
537,mocap_pianist02_EXAG_197.npy,EXAG,211
538,mocap_pianist02_EXAG_197_chunk1.npy,197,108
539,mocap_pianist02_EXAG_197_chunk2.npy,197,108
540,mocap_pianist02_EXAG_197_chunk3.npy,197,108
541,mocap_pianist02_EXAG_197_chunk4.npy,197,108
542,mocap_pianist02_EXAG_197_chunk5.npy,197,108
543,mocap_pianist02_EXAG_198.npy,EXAG,211
544,mocap_pianist02_EXAG_198_chunk1.npy,198,109
545,mocap_pianist02_EXAG_198_chunk2.npy,198,109
546,mocap_pianist02_EXAG_198_chunk3.npy,198,109
547,mocap_pianist02_EXAG_198_chunk4.npy,198,109
548,mocap_pianist02_EXAG_198_chunk5.npy,198,109
549,mocap_pianist02_EXAG_198_chunk6.npy,198,109
550,mocap_pianist02_EXAG_199.npy,EXAG,211
551,mocap_pianist02_EXAG_199_chunk1.npy,199,110
552,mocap_pianist02_EXAG_199_chunk2.npy,199,110
553,mocap_pianist02_EXAG_199_chunk3.npy,199,110
554,mocap_pianist02_EXAG_199_chunk4.npy,199,110
555,mocap_pianist02_EXAG_199_chunk5.npy,199,110
556,mocap_pianist02_EXAG_199_chunk6.npy,199,110
557,mocap_pianist02_LEG_110.npy,LEG,212
558,mocap_pianist02_LEG_110_chunk1.npy,110,13
559,mocap_pianist02_LEG_111.npy,LEG,212
560,mocap_pianist02_LEG_111_chunk1.npy,111,14
561,mocap_pianist02_LEG_112.npy,LEG,212
562,mocap_pianist02_LEG_112_chunk1.npy,112,15
563,mocap_pianist02_LEG_125.npy,LEG,212
564,mocap_pianist02_LEG_125_chunk1.npy,125,29
565,mocap_pianist02_LEG_125_chunk2.npy,125,29
566,mocap_pianist02_LEG_125_chunk3.npy,125,29
567,mocap_pianist02_LEG_126.npy,LEG,212
568,mocap_pianist02_LEG_126_chunk1.npy,126,30
569,mocap_pianist02_LEG_126_chunk2.npy,126,30
570,mocap_pianist02_LEG_126_chunk3.npy,126,30
571,mocap_pianist02_LEG_127.npy,LEG,212
572,mocap_pianist02_LEG_127_chunk1.npy,127,31
573,mocap_pianist02_LEG_127_chunk2.npy,127,31
574,mocap_pianist02_LEG_127_chunk3.npy,127,31
575,mocap_pianist02_LEG_140.npy,LEG,212
576,mocap_pianist02_LEG_140_chunk1.npy,140,46
577,mocap_pianist02_LEG_140_chunk2.npy,140,46
578,mocap_pianist02_LEG_140_chunk3.npy,140,46
579,mocap_pianist02_LEG_140_chunk4.npy,140,46
580,mocap_pianist02_LEG_140_chunk5.npy,140,46
581,mocap_pianist02_LEG_141.npy,LEG,212
582,mocap_pianist02_LEG_141_chunk1.npy,141,47
583,mocap_pianist02_LEG_141_chunk2.npy,141,47
584,mocap_pianist02_LEG_141_chunk3.npy,141,47
585,mocap_pianist02_LEG_141_chunk4.npy,141,47
586,mocap_pianist02_LEG_141_chunk5.npy,141,47
587,mocap_pianist02_LEG_142.npy,LEG,212
588,mocap_pianist02_LEG_142_chunk1.npy,142,48
589,mocap_pianist02_LEG_142_chunk2.npy,142,48
590,mocap_pianist02_LEG_142_chunk3.npy,142,48
591,mocap_pianist02_LEG_142_chunk4.npy,142,48
592,mocap_pianist02_LEG_142_chunk5.npy,142,48
593,mocap_pianist02_LEG_155.npy,LEG,212
594,mocap_pianist02_LEG_155_chunk1.npy,155,62
595,mocap_pianist02_LEG_155_chunk2.npy,155,62
596,mocap_pianist02_LEG_156.npy,LEG,212
597,mocap_pianist02_LEG_156_chunk1.npy,156,63
598,mocap_pianist02_LEG_156_chunk2.npy,156,63
599,mocap_pianist02_LEG_157.npy,LEG,212
600,mocap_pianist02_LEG_157_chunk1.npy,157,64
601,mocap_pianist02_LEG_157_chunk2.npy,157,64
602,mocap_pianist02_LEG_170.npy,LEG,212
603,mocap_pianist02_LEG_170_chunk1.npy,170,79
604,mocap_pianist02_LEG_170_chunk2.npy,170,79
605,mocap_pianist02_LEG_170_chunk3.npy,170,79
606,mocap_pianist02_LEG_171.npy,LEG,212
607,mocap_pianist02_LEG_171_chunk1.npy,171,80
608,mocap_pianist02_LEG_171_chunk2.npy,171,80
609,mocap_pianist02_LEG_171_chunk3.npy,171,80
610,mocap_pianist02_LEG_171_chunk4.npy,171,80
611,mocap_pianist02_LEG_172.npy,LEG,212
612,mocap_pianist02_LEG_172_chunk1.npy,172,81
613,mocap_pianist02_LEG_172_chunk2.npy,172,81
614,mocap_pianist02_LEG_172_chunk3.npy,172,81
615,mocap_pianist02_LEG_172_chunk4.npy,172,81
616,mocap_pianist02_LEG_185.npy,LEG,212
617,mocap_pianist02_LEG_185_chunk1.npy,185,95
618,mocap_pianist02_LEG_185_chunk2.npy,185,95
619,mocap_pianist02_LEG_185_chunk3.npy,185,95
620,mocap_pianist02_LEG_185_chunk4.npy,185,95
621,mocap_pianist02_LEG_186.npy,LEG,212
622,mocap_pianist02_LEG_186_chunk1.npy,186,96
623,mocap_pianist02_LEG_186_chunk2.npy,186,96
624,mocap_pianist02_LEG_186_chunk3.npy,186,96
625,mocap_pianist02_LEG_186_chunk4.npy,186,96
626,mocap_pianist02_LEG_187.npy,LEG,212
627,mocap_pianist02_LEG_187_chunk1.npy,187,97
628,mocap_pianist02_LEG_187_chunk2.npy,187,97
629,mocap_pianist02_LEG_187_chunk3.npy,187,97
630,mocap_pianist02_LEG_187_chunk4.npy,187,97
631,mocap_pianist02_LEG_187_chunk5.npy,187,97
632,mocap_pianist02_LEG_200.npy,LEG,212
633,mocap_pianist02_LEG_200_chunk1.npy,200,113
634,mocap_pianist02_LEG_200_chunk2.npy,200,113
635,mocap_pianist02_LEG_200_chunk3.npy,200,113
636,mocap_pianist02_LEG_200_chunk4.npy,200,113
637,mocap_pianist02_LEG_200_chunk5.npy,200,113
638,mocap_pianist02_LEG_200_chunk6.npy,200,113
639,mocap_pianist02_LEG_200_chunk7.npy,200,113
640,mocap_pianist02_LEG_201.npy,LEG,212
641,mocap_pianist02_LEG_201_chunk1.npy,201,114
642,mocap_pianist02_LEG_201_chunk2.npy,201,114
643,mocap_pianist02_LEG_201_chunk3.npy,201,114
644,mocap_pianist02_LEG_201_chunk4.npy,201,114
645,mocap_pianist02_LEG_201_chunk5.npy,201,114
646,mocap_pianist02_LEG_201_chunk6.npy,201,114
647,mocap_pianist02_LEG_201_chunk7.npy,201,114
648,mocap_pianist02_LEG_202.npy,LEG,212
649,mocap_pianist02_LEG_202_chunk1.npy,202,115
650,mocap_pianist02_LEG_202_chunk2.npy,202,115
651,mocap_pianist02_LEG_202_chunk3.npy,202,115
652,mocap_pianist02_LEG_202_chunk4.npy,202,115
653,mocap_pianist02_LEG_202_chunk5.npy,202,115
654,mocap_pianist02_LEG_202_chunk6.npy,202,115
655,mocap_pianist02_LEG_202_chunk7.npy,202,115
656,mocap_pianist02_NORMAL_113.npy,NORMAL,213
657,mocap_pianist02_NORMAL_113_chunk1.npy,113,16
658,mocap_pianist02_NORMAL_114.npy,NORMAL,213
659,mocap_pianist02_NORMAL_114_chunk1.npy,114,17
660,mocap_pianist02_NORMAL_115.npy,NORMAL,213
661,mocap_pianist02_NORMAL_115_chunk1.npy,115,18
662,mocap_pianist02_NORMAL_128.npy,NORMAL,213
663,mocap_pianist02_NORMAL_128_chunk1.npy,128,32
664,mocap_pianist02_NORMAL_128_chunk2.npy,128,32
665,mocap_pianist02_NORMAL_128_chunk3.npy,128,32
666,mocap_pianist02_NORMAL_129.npy,NORMAL,213
667,mocap_pianist02_NORMAL_129_chunk1.npy,129,33
668,mocap_pianist02_NORMAL_129_chunk2.npy,129,33
669,mocap_pianist02_NORMAL_129_chunk3.npy,129,33
670,mocap_pianist02_NORMAL_130.npy,NORMAL,213
671,mocap_pianist02_NORMAL_130_chunk1.npy,130,35
672,mocap_pianist02_NORMAL_130_chunk2.npy,130,35
673,mocap_pianist02_NORMAL_130_chunk3.npy,130,35
674,mocap_pianist02_NORMAL_143.npy,NORMAL,213
675,mocap_pianist02_NORMAL_143_chunk1.npy,143,49
676,mocap_pianist02_NORMAL_143_chunk2.npy,143,49
677,mocap_pianist02_NORMAL_143_chunk3.npy,143,49
678,mocap_pianist02_NORMAL_143_chunk4.npy,143,49
679,mocap_pianist02_NORMAL_143_chunk5.npy,143,49
680,mocap_pianist02_NORMAL_144.npy,NORMAL,213
681,mocap_pianist02_NORMAL_144_chunk1.npy,144,50
682,mocap_pianist02_NORMAL_144_chunk2.npy,144,50
683,mocap_pianist02_NORMAL_144_chunk3.npy,144,50
684,mocap_pianist02_NORMAL_144_chunk4.npy,144,50
685,mocap_pianist02_NORMAL_144_chunk5.npy,144,50
686,mocap_pianist02_NORMAL_145.npy,NORMAL,213
687,mocap_pianist02_NORMAL_145_chunk1.npy,145,51
688,mocap_pianist02_NORMAL_145_chunk2.npy,145,51
689,mocap_pianist02_NORMAL_145_chunk3.npy,145,51
690,mocap_pianist02_NORMAL_145_chunk4.npy,145,51
691,mocap_pianist02_NORMAL_145_chunk5.npy,145,51
692,mocap_pianist02_NORMAL_158.npy,NORMAL,213
693,mocap_pianist02_NORMAL_158_chunk1.npy,158,65
694,mocap_pianist02_NORMAL_158_chunk2.npy,158,65
695,mocap_pianist02_NORMAL_159.npy,NORMAL,213
696,mocap_pianist02_NORMAL_159_chunk1.npy,159,66
697,mocap_pianist02_NORMAL_159_chunk2.npy,159,66
698,mocap_pianist02_NORMAL_159_chunk3.npy,159,66
699,mocap_pianist02_NORMAL_160.npy,NORMAL,213
700,mocap_pianist02_NORMAL_160_chunk1.npy,160,68
701,mocap_pianist02_NORMAL_160_chunk2.npy,160,68
702,mocap_pianist02_NORMAL_173.npy,NORMAL,213
703,mocap_pianist02_NORMAL_173_chunk1.npy,173,82
704,mocap_pianist02_NORMAL_173_chunk2.npy,173,82
705,mocap_pianist02_NORMAL_173_chunk3.npy,173,82
706,mocap_pianist02_NORMAL_173_chunk4.npy,173,82
707,mocap_pianist02_NORMAL_174.npy,NORMAL,213
708,mocap_pianist02_NORMAL_174_chunk1.npy,174,83
709,mocap_pianist02_NORMAL_174_chunk2.npy,174,83
710,mocap_pianist02_NORMAL_174_chunk3.npy,174,83
711,mocap_pianist02_NORMAL_174_chunk4.npy,174,83
712,mocap_pianist02_NORMAL_175.npy,NORMAL,213
713,mocap_pianist02_NORMAL_175_chunk1.npy,175,84
714,mocap_pianist02_NORMAL_175_chunk2.npy,175,84
715,mocap_pianist02_NORMAL_175_chunk3.npy,175,84
716,mocap_pianist02_NORMAL_175_chunk4.npy,175,84
717,mocap_pianist02_NORMAL_188.npy,NORMAL,213
718,mocap_pianist02_NORMAL_188_chunk1.npy,188,98
719,mocap_pianist02_NORMAL_188_chunk2.npy,188,98
720,mocap_pianist02_NORMAL_188_chunk3.npy,188,98
721,mocap_pianist02_NORMAL_188_chunk4.npy,188,98
722,mocap_pianist02_NORMAL_188_chunk5.npy,188,98
723,mocap_pianist02_NORMAL_189.npy,NORMAL,213
724,mocap_pianist02_NORMAL_189_chunk1.npy,189,99
725,mocap_pianist02_NORMAL_189_chunk2.npy,189,99
726,mocap_pianist02_NORMAL_189_chunk3.npy,189,99
727,mocap_pianist02_NORMAL_189_chunk4.npy,189,99
728,mocap_pianist02_NORMAL_190.npy,NORMAL,213
729,mocap_pianist02_NORMAL_190_chunk1.npy,190,101
730,mocap_pianist02_NORMAL_190_chunk2.npy,190,101
731,mocap_pianist02_NORMAL_190_chunk3.npy,190,101
732,mocap_pianist02_NORMAL_190_chunk4.npy,190,101
733,mocap_pianist02_NORMAL_203.npy,NORMAL,213
734,mocap_pianist02_NORMAL_203_chunk1.npy,203,116
735,mocap_pianist02_NORMAL_203_chunk2.npy,203,116
736,mocap_pianist02_NORMAL_203_chunk3.npy,203,116
737,mocap_pianist02_NORMAL_203_chunk4.npy,203,116
738,mocap_pianist02_NORMAL_203_chunk5.npy,203,116
739,mocap_pianist02_NORMAL_203_chunk6.npy,203,116
740,mocap_pianist02_NORMAL_204.npy,NORMAL,213
741,mocap_pianist02_NORMAL_204_chunk1.npy,204,117
742,mocap_pianist02_NORMAL_204_chunk2.npy,204,117
743,mocap_pianist02_NORMAL_204_chunk3.npy,204,117
744,mocap_pianist02_NORMAL_204_chunk4.npy,204,117
745,mocap_pianist02_NORMAL_204_chunk5.npy,204,117
746,mocap_pianist02_NORMAL_204_chunk6.npy,204,117
747,mocap_pianist02_NORMAL_204_chunk7.npy,204,117
748,mocap_pianist02_NORMAL_205.npy,NORMAL,213
749,mocap_pianist02_NORMAL_205_chunk1.npy,205,118
750,mocap_pianist02_NORMAL_205_chunk2.npy,205,118
751,mocap_pianist02_NORMAL_205_chunk3.npy,205,118
752,mocap_pianist02_NORMAL_205_chunk4.npy,205,118
753,mocap_pianist02_NORMAL_205_chunk5.npy,205,118
754,mocap_pianist02_NORMAL_205_chunk6.npy,205,118
755,mocap_pianist02_NORMAL_205_chunk7.npy,205,118
756,mocap_pianist02_STAC_116.npy,STAC,214
757,mocap_pianist02_STAC_116_chunk1.npy,116,19
758,mocap_pianist02_STAC_117.npy,STAC,214
759,mocap_pianist02_STAC_117_chunk1.npy,117,20
760,mocap_pianist02_STAC_118.npy,STAC,214
761,mocap_pianist02_STAC_118_chunk1.npy,118,21
762,mocap_pianist02_STAC_131.npy,STAC,214
763,mocap_pianist02_STAC_131_chunk1.npy,131,36
764,mocap_pianist02_STAC_131_chunk2.npy,131,36
765,mocap_pianist02_STAC_132.npy,STAC,214
766,mocap_pianist02_STAC_132_chunk1.npy,132,37
767,mocap_pianist02_STAC_132_chunk2.npy,132,37
768,mocap_pianist02_STAC_132_chunk3.npy,132,37
769,mocap_pianist02_STAC_133.npy,STAC,214
770,mocap_pianist02_STAC_133_chunk1.npy,133,38
771,mocap_pianist02_STAC_133_chunk2.npy,133,38
772,mocap_pianist02_STAC_133_chunk3.npy,133,38
773,mocap_pianist02_STAC_146.npy,STAC,214
774,mocap_pianist02_STAC_146_chunk1.npy,146,52
775,mocap_pianist02_STAC_146_chunk2.npy,146,52
776,mocap_pianist02_STAC_146_chunk3.npy,146,52
777,mocap_pianist02_STAC_146_chunk4.npy,146,52
778,mocap_pianist02_STAC_146_chunk5.npy,146,52
779,mocap_pianist02_STAC_147.npy,STAC,214
780,mocap_pianist02_STAC_147_chunk1.npy,147,53
781,mocap_pianist02_STAC_147_chunk2.npy,147,53
782,mocap_pianist02_STAC_147_chunk3.npy,147,53
783,mocap_pianist02_STAC_147_chunk4.npy,147,53
784,mocap_pianist02_STAC_147_chunk5.npy,147,53
785,mocap_pianist02_STAC_148.npy,STAC,214
786,mocap_pianist02_STAC_148_chunk1.npy,148,54
787,mocap_pianist02_STAC_148_chunk2.npy,148,54
788,mocap_pianist02_STAC_148_chunk3.npy,148,54
789,mocap_pianist02_STAC_148_chunk4.npy,148,54
790,mocap_pianist02_STAC_148_chunk5.npy,148,54
791,mocap_pianist02_STAC_161.npy,STAC,214
792,mocap_pianist02_STAC_161_chunk1.npy,161,69
793,mocap_pianist02_STAC_162.npy,STAC,214
794,mocap_pianist02_STAC_162_chunk1.npy,162,70
795,mocap_pianist02_STAC_163.npy,STAC,214
796,mocap_pianist02_STAC_163_chunk1.npy,163,71
797,mocap_pianist02_STAC_163_chunk2.npy,163,71
798,mocap_pianist02_STAC_176.npy,STAC,214
799,mocap_pianist02_STAC_176_chunk1.npy,176,85
800,mocap_pianist02_STAC_176_chunk2.npy,176,85
801,mocap_pianist02_STAC_177.npy,STAC,214
802,mocap_pianist02_STAC_177_chunk1.npy,177,86
803,mocap_pianist02_STAC_177_chunk2.npy,177,86
804,mocap_pianist02_STAC_178.npy,STAC,214
805,mocap_pianist02_STAC_178_chunk1.npy,178,87
806,mocap_pianist02_STAC_178_chunk2.npy,178,87
807,mocap_pianist02_STAC_191.npy,STAC,214
808,mocap_pianist02_STAC_191_chunk1.npy,191,102
809,mocap_pianist02_STAC_191_chunk2.npy,191,102
810,mocap_pianist02_STAC_191_chunk3.npy,191,102
811,mocap_pianist02_STAC_192.npy,STAC,214
812,mocap_pianist02_STAC_192_chunk1.npy,192,103
813,mocap_pianist02_STAC_192_chunk2.npy,192,103
814,mocap_pianist02_STAC_192_chunk3.npy,192,103
815,mocap_pianist02_STAC_193.npy,STAC,214
816,mocap_pianist02_STAC_193_chunk1.npy,193,104
817,mocap_pianist02_STAC_193_chunk2.npy,193,104
818,mocap_pianist02_STAC_206.npy,STAC,214
819,mocap_pianist02_STAC_206_chunk1.npy,206,119
820,mocap_pianist02_STAC_206_chunk2.npy,206,119
821,mocap_pianist02_STAC_206_chunk3.npy,206,119
822,mocap_pianist02_STAC_206_chunk4.npy,206,119
823,mocap_pianist02_STAC_206_chunk5.npy,206,119
824,mocap_pianist02_STAC_207.npy,STAC,214
825,mocap_pianist02_STAC_207_chunk1.npy,207,120
826,mocap_pianist02_STAC_207_chunk2.npy,207,120
827,mocap_pianist02_STAC_207_chunk3.npy,207,120
828,mocap_pianist02_STAC_207_chunk4.npy,207,120
829,mocap_pianist02_STAC_207_chunk5.npy,207,120
830,mocap_pianist02_STAC_208.npy,STAC,214
831,mocap_pianist02_STAC_208_chunk1.npy,208,121
832,mocap_pianist02_STAC_208_chunk2.npy,208,121
833,mocap_pianist02_STAC_208_chunk3.npy,208,121
834,mocap_pianist02_STAC_208_chunk4.npy,208,121
835,mocap_pianist02_STAC_208_chunk5.npy,208,121
836,mocap_pianist02_STILL_119.npy,STILL,215
837,mocap_pianist02_STILL_119_chunk1.npy,119,22
838,mocap_pianist02_STILL_120.npy,STILL,215
839,mocap_pianist02_STILL_120_chunk1.npy,120,24
840,mocap_pianist02_STILL_121.npy,STILL,215
841,mocap_pianist02_STILL_121_chunk1.npy,121,25
842,mocap_pianist02_STILL_134.npy,STILL,215
843,mocap_pianist02_STILL_134_chunk1.npy,134,39
844,mocap_pianist02_STILL_134_chunk2.npy,134,39
845,mocap_pianist02_STILL_134_chunk3.npy,134,39
846,mocap_pianist02_STILL_135.npy,STILL,215
847,mocap_pianist02_STILL_135_chunk1.npy,135,40
848,mocap_pianist02_STILL_135_chunk2.npy,135,40
849,mocap_pianist02_STILL_135_chunk3.npy,135,40
850,mocap_pianist02_STILL_136.npy,STILL,215
851,mocap_pianist02_STILL_136_chunk1.npy,136,41
852,mocap_pianist02_STILL_136_chunk2.npy,136,41
853,mocap_pianist02_STILL_136_chunk3.npy,136,41
854,mocap_pianist02_STILL_149.npy,STILL,215
855,mocap_pianist02_STILL_149_chunk1.npy,149,55
856,mocap_pianist02_STILL_149_chunk2.npy,149,55
857,mocap_pianist02_STILL_149_chunk3.npy,149,55
858,mocap_pianist02_STILL_149_chunk4.npy,149,55
859,mocap_pianist02_STILL_149_chunk5.npy,149,55
860,mocap_pianist02_STILL_150.npy,STILL,215
861,mocap_pianist02_STILL_150_chunk1.npy,150,57
862,mocap_pianist02_STILL_150_chunk2.npy,150,57
863,mocap_pianist02_STILL_150_chunk3.npy,150,57
864,mocap_pianist02_STILL_150_chunk4.npy,150,57
865,mocap_pianist02_STILL_150_chunk5.npy,150,57
866,mocap_pianist02_STILL_151.npy,STILL,215
867,mocap_pianist02_STILL_151_chunk1.npy,151,58
868,mocap_pianist02_STILL_151_chunk2.npy,151,58
869,mocap_pianist02_STILL_151_chunk3.npy,151,58
870,mocap_pianist02_STILL_151_chunk4.npy,151,58
871,mocap_pianist02_STILL_151_chunk5.npy,151,58
872,mocap_pianist02_STILL_164.npy,STILL,215
873,mocap_pianist02_STILL_164_chunk1.npy,164,72
874,mocap_pianist02_STILL_164_chunk2.npy,164,72
875,mocap_pianist02_STILL_165.npy,STILL,215
876,mocap_pianist02_STILL_165_chunk1.npy,165,73
877,mocap_pianist02_STILL_165_chunk2.npy,165,73
878,mocap_pianist02_STILL_166.npy,STILL,215
879,mocap_pianist02_STILL_166_chunk1.npy,166,74
880,mocap_pianist02_STILL_166_chunk2.npy,166,74
881,mocap_pianist02_STILL_179.npy,STILL,215
882,mocap_pianist02_STILL_179_chunk1.npy,179,88
883,mocap_pianist02_STILL_179_chunk2.npy,179,88
884,mocap_pianist02_STILL_179_chunk3.npy,179,88
885,mocap_pianist02_STILL_179_chunk4.npy,179,88
886,mocap_pianist02_STILL_180.npy,STILL,215
887,mocap_pianist02_STILL_180_chunk1.npy,180,90
888,mocap_pianist02_STILL_180_chunk2.npy,180,90
889,mocap_pianist02_STILL_180_chunk3.npy,180,90
890,mocap_pianist02_STILL_180_chunk4.npy,180,90
891,mocap_pianist02_STILL_181.npy,STILL,215
892,mocap_pianist02_STILL_181_chunk1.npy,181,91
893,mocap_pianist02_STILL_181_chunk2.npy,181,91
894,mocap_pianist02_STILL_181_chunk3.npy,181,91
895,mocap_pianist02_STILL_181_chunk4.npy,181,91
896,mocap_pianist02_STILL_194.npy,STILL,215
897,mocap_pianist02_STILL_194_chunk1.npy,194,105
898,mocap_pianist02_STILL_194_chunk2.npy,194,105
899,mocap_pianist02_STILL_194_chunk3.npy,194,105
900,mocap_pianist02_STILL_194_chunk4.npy,194,105
901,mocap_pianist02_STILL_195.npy,STILL,215
902,mocap_pianist02_STILL_195_chunk1.npy,195,106
903,mocap_pianist02_STILL_195_chunk2.npy,195,106
904,mocap_pianist02_STILL_195_chunk3.npy,195,106
905,mocap_pianist02_STILL_195_chunk4.npy,195,106
906,mocap_pianist02_STILL_196.npy,STILL,215
907,mocap_pianist02_STILL_196_chunk1.npy,196,107
908,mocap_pianist02_STILL_196_chunk2.npy,196,107
909,mocap_pianist02_STILL_196_chunk3.npy,196,107
910,mocap_pianist02_STILL_196_chunk4.npy,196,107
911,mocap_pianist02_STILL_196_chunk5.npy,196,107
912,mocap_pianist02_STILL_209.npy,STILL,215
913,mocap_pianist02_STILL_209_chunk1.npy,209,122
914,mocap_pianist02_STILL_209_chunk2.npy,209,122
915,mocap_pianist02_STILL_209_chunk3.npy,209,122
916,mocap_pianist02_STILL_209_chunk4.npy,209,122
917,mocap_pianist02_STILL_209_chunk5.npy,209,122
918,mocap_pianist02_STILL_209_chunk6.npy,209,122
919,mocap_pianist02_STILL_209_chunk7.npy,209,122
920,mocap_pianist02_STILL_209_chunk8.npy,209,122
921,mocap_pianist02_STILL_210.npy,STILL,215
922,mocap_pianist02_STILL_210_chunk1.npy,210,124
923,mocap_pianist02_STILL_210_chunk2.npy,210,124
924,mocap_pianist02_STILL_210_chunk3.npy,210,124
925,mocap_pianist02_STILL_210_chunk4.npy,210,124
926,mocap_pianist02_STILL_210_chunk5.npy,210,124
927,mocap_pianist02_STILL_210_chunk6.npy,210,124
928,mocap_pianist02_STILL_210_chunk7.npy,210,124
929,mocap_pianist02_STILL_210_chunk8.npy,210,124
930,mocap_pianist02_STILL_210_chunk9.npy,210,124
931,mocap_pianist02_STILL_211.npy,STILL,215
932,mocap_pianist02_STILL_211_chunk1.npy,211,125
933,mocap_pianist02_STILL_211_chunk2.npy,211,125
934,mocap_pianist02_STILL_211_chunk3.npy,211,125
935,mocap_pianist02_STILL_211_chunk4.npy,211,125
936,mocap_pianist02_STILL_211_chunk5.npy,211,125
937,mocap_pianist02_STILL_211_chunk6.npy,211,125
938,mocap_pianist02_STILL_211_chunk7.npy,211,125
939,mocap_pianist02_STILL_211_chunk8.npy,211,125
